Accepted,مقبول
Accounting,المحاسبة
Accounts Payable,الذمم الدائنة
Accounts Receivable,الذمم المدينة
Action Route,بند واجهة
Actions,إجراءات
Administrator,المسؤول
Agriculture,الزراعة
AI & Intelligence,الذكاء الاصطناعي والتحليلات
All,الكل
All activities,كل الأنشطة
All branches,كل الفروع
ALM,إدارة الأصول والخصوم
Analysis,التحليل
Approved,معتمد
Approved By,معتمد By
Approved On,معتمد On
As of Date,As من التاريخ
Asset Insurance,تأمين الأصول
Assigned To,مُسند إلى
Assigned To Me,المُسند إليّ
Attachments,المرفقات
Audit,التدقيق
Balance Sheet,الميزانية العمومية
Bank Unmatched Statement Lines,بنود كشف بنك غير مطابقة
Basis Note,بند واجهة
Billing & collections,الفوترة والتحصيل
Bookings & registration,الحجوزات والتسجيل
BOQ,جدول الكميات
Branch,الفرع
Budget & cost control,الميزانية وضبط التكلفة
Buy,المشتريات
CAM & recoveries,المصاريف المشتركة والاستردادات
CAM Budget,ميزانية المصاريف المشتركة
Campaign ROI,عائد الحملة
Cancel,إلغاء
Cancelled,ملغى
Car Rental,تأجير السيارات
Card Break,قسم
Change Ticket,تذكرة تغيير
Chart,مخطط
Chart of Accounts,دليل الحسابات
Classification Code,رمز التصنيف
Closed,مغلق
Commission Accrual,استحقاق العمولات
Commission Schedule,جدول العمولات
Company,الشركة
Completed,مكتمل
Compliance checks complete,اكتملت فحوصات الامتثال
Compliance Exceptions,استثناءات الامتثال
Compliance Exceptions (IFRS),استثناءات الامتثال (IFRS)
Compliance Exceptions (Tax),استثناءات الامتثال (ضريبي)
Compliance Exceptions Dashboard,لوحة استثناءات الامتثال
Compliance Reports,تقارير الامتثال
Confidence,الثقة
Construction,المقاولات
Construction & Engineering,المقاولات والهندسة
Consumer Finance,التمويل الاستهلاكي
Context and Evidence,السياق و دليل
Core ERP,ERP الأساسي
Cost Center,مركز التكلفة
Country,الدولة
Create,إنشاء
Credit Engine,محرك الائتمان
Credit Risk,مخاطر الائتمان
critical,حرج
CRM,إدارة العملاء
Cross-module operations,عمليات متكاملة
Currency,العملة
Custom Documents,المستندات المخصصة
Customer,العميل
Dashboard,لوحة معلومات
Deferred,بند واجهة
Delete,حذف
Design & quantities (BOQ),التصميم والكميات (جدول الكميات)
Desk,المكتب
Details,التفاصيل
Development Budget,ميزانية التطوير
Development Project,مشروع تطوير
Development Project Register,سجل مشاريع التطوير
Development project register,سجل مشاريع التطوير
Documents & Integration,المستندات والتكامل
E-Invoice,الفاتورة الإلكترونية
Edit,تعديل
Education,التعليم
Engineering Consulting,الاستشارات الهندسية
Entity DocType,بند واجهة
Entity Name,بند واجهة
Erpgenex Property Mgmt,إدارة العقارات
Erpgenex Realestate Dev,التطوير العقاري
Erpgenex Realestate Sales,التسويق العقاري
ERPGENEX — Core ERP,ERPGENEX — ERP الأساسي
ERPGENEX — Dashboard,ERPGENEX — لوحة المعلومات
Escalation Rule,قاعدة تصعيد الإيجار
Event,حدث
Evidence JSON,دليل JSON
Executed,بند واجهة
Executed On,بند واجهة
Execution Log,التنفيذ السجل
Executive Dashboard,لوحة المدير التنفيذية
Expected Impact,بند واجهة
Explore this workspace,استكشف مساحة العمل
Factoring,التخصيم
Failed,فشل
Field PWA,تطبيق الميدان
Filters,المرشحات
Finance Control Exceptions,استثناءات الضوابط المالية
Finance Control Violations,مخالفات الضوابط المالية
Finance Controls,الضوابط المالية
Finance Engine,محرك التمويل
Finance Group,المجموعة المالية
Finance SoD Blocks,حظر فصل المهام (SoD)
Finance Workcenter,مركز عمل المالية
Fixed Assets,الأصول الثابتة
Forecast,بند واجهة
Form,نموذج
Further,المزيد
General Ledger,دفتر الأستاذ العام
GL Account,حساب GL
Global Defaults,الإعدادات العامة
Governance,الحوكمة
Governance Overview,نظرة عامة على الحوكمة
Guest,زائر
Handover & defects (snagging),التسليم والعيوب
Handover Package,حزمة التسليم
Healthcare,الرعاية الصحية
Help,مساعدة
high,مرتفع
Home,الرئيسية
Horizon (days),بند واجهة
HR,الموارد البشرية
IFRS 16 Liability,التزام الإيجار IFRS 16
In Progress,قيد التنفيذ
Industry Solutions,حلول القطاعات
Insights,رؤى وتحليلات
Intelligence Action Queue,بند واجهة
Intelligence Action Queue Register,سجل بند واجهة
Intelligence Ops Dashboard,لوحة بند واجهة
Intelligence Recommendation,بند واجهة
Intelligence Recommendation Register,سجل بند واجهة
Intelligence Signal,بند واجهة
Intelligence Signal Register,سجل بند واجهة
Inventory & development context,المخزون وسياق التطوير
Inventory KPI Dashboard,لوحة مؤشرات المخزون
Inventory KPIs,مؤشرات المخزون
Inventory Low Stock Items,أصناف منخفضة المخزون
Inventory Reorder Needed,أصناف تحتاج إعادة طلب
Inventory Stock Items,أصناف المخزون
Item,الصنف
Journal Entry,قيد يومية
Land & project charter,الأرض وميثاق المشروع
Land Parcel,قطعة أرض
Language,اللغة
Last Error,بند واجهة
Last Month,الشهر الماضي
Last Week,الأسبوع الماضي
Lead acquisition & qualification,اكتساب العملاء وتأهيلهم
Leasing & occupancy (IFRS 16 / IPSAS rent),التأجير والإشغال (IFRS 16 / IPSAS)
Leasing Finance,التمويل التأجيري
Leasing Mandate,تفويض تأجير
List,قائمة
Login,تسجيل الدخول
Logout,تسجيل الخروج
low,منخفض
Maintenance — service requests,الصيانة — طلبات الخدمة
Management Agreement,اتفاقية إدارة
Manufacturing,التصنيع
medium,متوسط
Menu,القائمة
Metric,بند واجهة
Modified,تاريخ التعديل
Mortgage Finance,التمويل العقاري
My work,عملي
Name,الاسم
New,جديد
None,لا شيء
Not Requested,بند واجهة
Notifications,الإشعارات
Number Card,بطاقة رقمية
Occupancy,الإشغال
Omnexa Accounting Settings,إعدادات محاسبة Omnexa
Omnexa Intelligence Core Activity Register,سجل Omnexa — بند واجهة
Omnexa Intelligence Core Compliance Snapshot,Omnexa — بند واجهة
Omnexa Intelligence Core Document Summary,ملخص Omnexa — بند واجهة
Omnexa Intelligence Core Status Overview,Omnexa — بند واجهة
Omnexa Marketplace Settings,إعدادات سوق Omnexa
Omnexa Purchase Settings,إعدادات مشتريات Omnexa
Omnexa Sales Settings,إعدادات مبيعات Omnexa
Omnexa Settings,إعدادات Omnexa
Omnexa Stock Settings,إعدادات مخزون Omnexa
Open,مفتوح
Open report Compliance Exceptions Dashboard,فتح تقرير لوحة استثناءات الامتثال
Operating Scenarios,سيناريوهات التشغيل
Operational Risk,المخاطر التشغيلية
Other,أخرى
Overdue,متأخر
Overview,نظرة عامة
Owner,المالك
Owner reporting & trust accounting,تقارير الملاك والحسابات الائتمانية
Owner Statement,كشف حساب المالك
Ownership,بند واجهة
Payload and Execution,بند واجهة
Payload JSON,JSON — بند واجهة
Payment Entry,سند قبض/صرف
Payment Plan Item,بند خطة السداد
Pending,قيد الانتظار
Pending Approval,قيد الانتظار موافقة
Permit Milestone,معلم التصريح
Platform & Administration,المنصة والإدارة
Playbook ID,ID — بند واجهة
PMC Lease Liability Schedule,جدول التزام الإيجار IFRS 16
PMC Leasing Mandate,تفويض تأجير
PMC Management Agreement,اتفاقية إدارة
PMC Management Fee Summary,ملخص رسوم الإدارة
PMC Occupancy Summary,ملخص الإشغال
PMC Owner Statement,كشف حساب المالك
PMC Owner Statement Register,سجل كشوف الملاك
PMC Property,عقار
PMC Property Unit,وحدة عقارية
PMC Rent Aging,أعمار الإيجارات
PMC Rent Billing Register,سجل فوترة الإيجار
PMC Rent Roll,سجل الإيجارات
PMC Rental Contract Register,سجل عقود الإيجار
Portfolio & asset registry,المحفظة وسجل الأصول
Posting,ترحيل
Predicted Value,بند واجهة
Prediction Snapshot,بند واجهة
Prediction Snapshot Register,سجل بند واجهة
Priority,الأولوية
Priority and Approval,الأولوية و موافقة
Profile,الملف الشخصي
Profit and Loss,الأرباح والخسائر
Project EV,القيمة المكتسبة للمشروع
Projects & Services,المشاريع والخدمات
Projects PM,إدارة المشاريع
Property,عقار
Property Management,إدارة العقارات
Property Sales Booking Register,سجل حجوزات البيع
Property Sales Lead,عميل مبيعات عقارية
Purchase Invoice,فاتورة شراء
Purchase Register,سجل المشتريات
Queued,في الانتظار
RE BOQ,جدول كميات التطوير
RE Development,التطوير العقاري
RE Handover Package,حزمة التسليم
RE Marketing,التسويق العقاري
RE Permit Milestone,معلم التصريح
RE Project EV,القيمة المكتسبة للمشروع
RE Subcontract Commitment,التزام مقاول باطن
RE Unit Inventory,مخزون وحدات التطوير
RE unit inventory (sales),مخزون وحدات البيع
RE Unit Inventory Overview,نظرة عامة على مخزون الوحدات
Real Estate,العقارات
Reason,السبب
Recommendation Owner,التوصية المالك
Refresh,تحديث
Rejected,مرفوض
Reload,إعادة تحميل
Rent Aging,أعمار الإيجارات
Rent billing register,سجل فوترة الإيجار
Rent Billing Run,تشغيل فوترة الإيجار
Rent Roll,سجل الإيجارات
Rental Contract,عقد إيجار
Rental contract register,سجل عقود الإيجار
Report,تقرير
Reporting Tag,وسم التقرير
Requested,بند واجهة
Reservation register,سجل الحجوزات
Reservations & unit holds,الحجوزات وحجز الوحدات
Restaurant,المطاعم
"Return here for shortcuts, charts, and lists for **Audit & Compliance**.",ارجع هنا للاختصارات والمخططات والقوائم لـ **التدقيق والامتثال**.
"Return here for shortcuts, charts, and lists for **Core ERP**.",ارجع هنا للاختصارات والمخططات والقوائم لـ **ERP الأساسي**.
Rollback and Governance,بند واجهة
Rollback Failed,بند واجهة
Rollback Ref,بند واجهة
Rollback Status,بند واجهة
Rolled Back,بند واجهة
Running,بند واجهة
Sales Booking,حجز بيع
Sales booking register,سجل حجوزات البيع
Sales Commission Accrual,استحقاق عمولات المبيعات
Sales Commission Schedule,جدول عمولات المبيعات
Sales Invoice,فاتورة مبيعات
Sales Lead,عميل محتمل
Sales Portal,بوابة المبيعات
Sales Register,سجل المبيعات
Save,حفظ
Search or type a command,ابحث أو اكتب أمرًا
Search or type a command ({0}),ابحث أو اكتب أمرًا ({0})
Sell,المبيعات
Services,الخدمات
Settings,الإعدادات
Severity,الشدة
Shortcut,اختصار
Signal Type,بند واجهة
Simulated,بند واجهة
SME Microfinance,التمويل متناهي الصغر
SME Retail Finance,تمويل المنشآت والتجزئة
Snapshot Reference,لقطة المرجع
Source,المصدر
Status,الحالة
Stock,المخزون
Subcontract,مقاول باطن
Submit,إرسال
Supplier,المورد
Supporting Attachment,مرفق داعم
System Manager,مدير النظام
Task List,قائمة المهام
This Month,هذا الشهر
This Week,هذا الأسبوع
Timezone,المنطقة الزمنية
Title,العنوان
Today,اليوم
ToDo,مهمة
Tourism,السياحة
Trading,التجارة
Trading & Manufacturing,التجارة والتصنيع
Trial Balance,ميزان المراجعة
Unit,وحدة
Unit Inventory,مخزون الوحدات
Unit inventory & sales readiness,مخزون الوحدات وجاهزية البيع
Unit inventory overview,نظرة عامة على مخزون الوحدات
Unit Reservation,حجز وحدة
Unit Reservation Register,سجل حجز الوحدات
Update,تحديث
Vehicle Finance,تمويل المركبات
Viewed,بند واجهة
Warehouse,المستودع
Workflow State,حالة سير العمل
Workspace,مساحة العمل
Workspaces,مساحات العمل
Yesterday,أمس
You are ready to work in Core ERP.,أنت جاهز للعمل في ERP الأساسي.
✅ Handover,✅ التسليم
🎯 CRM,🎯 إدارة العملاء
🏗️ Projects,🏗️ المشاريع
🏢 Organization,🏢 التنظيم والإعداد
🏢 Organization & Setup,🏢 التنظيم والإعداد
🏢 Portfolio,🏢 المحفظة العقارية
👥 HR & Users,👥 الموارد البشرية والمستخدمون
💰 Billing · Finance · ERP,💰 الفوترة · المالية · ERP
💰 Commissions,💰 العمولات
💰 Finance & ERP,💰 المالية · ERP
💰 Owner & CAM,💰 المالك والمصاريف المشتركة
📈 Reports,📈 التقارير
📊 Analytics,📊 التحليلات
📊 Dashboards,📊 لوحات المعلومات
📊 Dashboards & Portals,📊 لوحات المعلومات والبوابات
📊 Dashboards & portals,📊 لوحات المعلومات والبوابات
📋 Commercial,📋 التجاري
📋 Leasing,📋 التأجير
📋 Operations,📋 العمليات
📐 BOQ & inventory,📐 جدول الكميات والمخزون
📦 Inventory & Supply,📦 المخزون والتوريد
🔗 Integration,🔗 التكامل
🚚 Field operations,🚚 العمليات الميدانية
🛡️ Compliance,🛡️ الامتثال
